{
  "split": "val",
  "classes": [
    "brain_glioma",
    "brain_menin",
    "brain_tumor"
  ],
  "temperature": 0.5,
  "ece_before": 2.086162567138672e-05,
  "ece_after": 0.0,
  "brier_before": 7.052852586917825e-10,
  "brier_after": 8.868805205640723e-19
}