{
  "split": "val",
  "classes": [
    "brain_glioma",
    "brain_menin",
    "brain_tumor"
  ],
  "temperature": 0.5,
  "ece_before": 0.0031620264053344727,
  "ece_after": 2.8789043426513672e-05,
  "brier_before": 2.4212655728498753e-05,
  "brier_after": 2.776680482423737e-09
}