{
  "model": "vit",
  "split": "val",
  "classes": [
    "brain_glioma",
    "brain_menin",
    "brain_tumor"
  ],
  "classification_report": {
    "0": {
      "precision": 1.0,
      "recall": 0.9933333333333333,
      "f1-score": 0.9966555183946488,
      "support": 300.0
    },
    "1": {
      "precision": 0.9966555183946488,
      "recall": 0.9933333333333333,
      "f1-score": 0.994991652754591,
      "support": 300.0
    },
    "2": {
      "precision": 0.9903225806451613,
      "recall": 1.0,
      "f1-score": 0.9951377633711507,
      "support": 307.0
    },
    "accuracy": 0.9955898566703418,
    "macro avg": {
      "precision": 0.9956593663466035,
      "recall": 0.9955555555555554,
      "f1-score": 0.9955949781734635,
      "support": 907.0
    },
    "weighted avg": {
      "precision": 0.995618178364343,
      "recall": 0.9955898566703418,
      "f1-score": 0.995591449503545,
      "support": 907.0
    }
  },
  "confusion_matrix": [
    [
      298,
      1,
      1
    ],
    [
      0,
      298,
      2
    ],
    [
      0,
      0,
      307
    ]
  ],
  "auc_ovr": 0.9999288610796587
}